Instruction,Reference,Generated
How do you unlock the door during a wash cycle?,Press INICIAR/pausar for 3 seconds.,The door
What should be avoided when installing the washing machine?,Avoid installing near sunlight sources.,If the washing machine
What is the maximum amount of bleach to add during each drum cleaning cycle?,30 ml.,Remove
What should be done if the fabric softener or soap is too viscous?,Dilute it in water before adding to the dispenser.,Remove the fabric soft
What should be used for cleaning the exterior of a washing machine?,Use a damp cloth with mild soap solution.,Clean the appliance.
How should the washing machine be handled when moving it?,Carry it by the sides.,The
What installation location is prohibited?,Behind doors that prevent the washer-dryer's door from fully opening.,The installation location is
What materials are recommended for manual cleaning?,Use a soft cloth with mild neutral soap in water.,
What is the minimum water pressure recommended for a washing machine?,50kPa (5.1 mca),The minimum water pressure
What is the purpose of this washing machine manual?,"To provide information on features, maintenance, service execution, and maximizing functionality.",If the machine manual
What action should be taken to raise the washing machine?,Loosen the nut and turn the leveling foot.,
What should you do if the water level exceeds the door during washing?,"Wait for water level to drop, then repeat; if still stuck, wait until cycle ends.",The water level is waterproof. The water level is waterproof. The water level is waterproof.
What should be done with the water hose after cleaning?,Reconnect the water hose.,
What should be checked if the power cord may be faulty?,"Check whether the power cord is damaged, bent, or broken.",
What should be avoided when discharging exhaust air?,Discharging it together with gases from fuel-burning appliances.,The
What should you do if there's a drainage problem during washing?,"Close the door properly, restart the cycle, and contact Midea support if the issue persists.",The water is not water. The water is water water. The water is water water water water water water water water water water water water water water water water water water water water water water water water water
How should the washer-dryer not be operated?,With an external timer or separate remote control system.,"If the isher-dryer is not used, the isher-dry"
What should be checked regularly for optimal washing machine performance?,The filter.,The water is not
What can happen if too much soap is used?,Damage clothes and causes excessive foam risking overflow.,The
What should be removed before installing the washing machine?,"Remove the entire packaging, including the bottom base and plastic protectors.",
How often should filters be checked?,Filters should be checked frequently.,"If the filter is not checked, the"
Where should the electrical outlet be placed?,In an easily accessible location after installation.,
What happens after the drying cycle?,The door will remain locked until it reaches a safe temperature.,
What should be checked for proper door sealing?,"Check whether the door gasket is damaged, punctured, or torn.",The door sealing is not necessary. The door sealing is not necessary. The door sealing is not necessary. The door sealing is not necessary. The door sealing is not necessary. The door sealing is not
What could happen if non-recommended accessories are used?,They may cause harm to people or property.,The appliance is not
